<?xml version="1.0" encoding="utf-8" ?>
<toolbox>
 
   <parametre id="defaultCategories1">CAT_LOGIC,CYCLESAR,CAT_MATH,CAT_TEXT,CAT_ARDUINO_TIME,CAT_ARDUINO,CAT_VARIABLESN,CAT_TAB,CAT_FUNCTIONS,CAT_ARDUINO_IN,CAT_ARDUINO_COMM_SERIAL,ESPWEB,CAT_BITEPROM,CAT_MOTORI,CAT_SENSOROUTP,CAT_LCDI2C,CAT_OLED_U8G,UART_Display,DWIN_BOX,CAT_WS2812B,CAT_INDIKATORI,CAT_SENSORRECORD,bt_key</parametre>

 
	 <category name="bt_key" colour="#697888">
	 <block type="bt_key_print"></block>
	 <block type="bt_key_modifikation"></block>
	 <block type="bt_key_press"></block>
	 <block type="bt_key_release"></block>
	 <block type="bt_key_delay"></block>
	 
	 <block type="bt_key_cliker"></block>
	 <block type="bt_key_cliker1"></block>
	 <block type="bt_key_cliker2"></block>
     </category>
  
	
	 
 <category name="CAT_SENSORRECORD" colour="#A66E95">  <!--Аудио модули-->
 
   
   <block type="RadioTEA5767_init12"><value name="NUM">  <shadow type="math_number"> <field name="NUM">101.9</field> </shadow>  </value></block>
   <block type="RadioTEA5767_init1"></block>
   <block type="RadioTEA5767_init2"></block>
   <block type="RadioTEA5767_init3"></block>
   
	<!--<block type="DFPplayerMp3_init_serial132">
	<value name="tx"><shadow type="math_number"><field name="NUM">4</field></shadow></value>
	<value name="rx"><shadow type="math_number"><field name="NUM">5</field></shadow></value>
 
  </block>
	
	<block type="DFPplayerMp3_init_serial232">
    <value name="NOM"><shadow type="math_number"><field name="NUM">1</field></shadow></value>
    </block>
	
 
	
	<block type="DFPplayerMp3_init_serial432"> </block>
	-->
	
	<block type="actuator_tone_esp"> </block>
	<block type="actone_esp"> </block>
	<block type="notone_esp"> </block>
	
	<block type="RTTTL_music"> <value name="PIN"><shadow type="math_number"> <field name="NUM">3</field></shadow></value></block>

  </category> 
   
	
<category name="Server" colour="#154360">
	 
		<block type="wifi_init_sta"></block>
		<block type="wifi_sta_staticip"></block>
		<block type="wifi_init_ap"></block>
		<block type="wifi_ap_staticip"></block>
		<block type="wifi_init_sta_ap"></block>
 
			<block type="wifiserver_port">
				<value name="server_port"><shadow type="math_number"><field name="NUM">80</field></shadow></value>
			</block>
			<block type="wifiserver_waitconnection"></block>
		
			<block type="wifiserver_ip"></block>
			<block type="wifiserver_request"></block>
			
			<block type="wifiserver_answer">
				<value name="server_answer"><shadow type="text"><field name="TEXT">Welcome to my server :-)</field></shadow></value>
			</block>
			<block type="wifiserver_stop"></block>
			<block type="wifiserver_flush"></block>
			
			<block type="wifiserver_port_library">
				<value name="server_port"><shadow type="math_number"><field name="NUM">80</field></shadow></value>
			</block>
			<block type="esp8266_handle_request"></block>
			<block type="esp8266_send"></block>
			<block type="esp8266_getArg"></block>
			<block type="esp8266_useArg"></block>

	
		

			<block type="mqtt_init"></block>
			<block type="mqtt_loop"></block>
			<block type="mqtt_subscribe_num"><value name="variable"><shadow type="math_number"><field name="NUM">0</field></shadow></value></block>
			<block type="mqtt_subscribe_text"><value name="variable"><shadow type="math_number"><field name="NUM">0</field></shadow></value></block>
			<block type="mqtt_publish"><value name="variable"><shadow type="math_number"><field name="NUM">0</field></shadow></value></block>
  
		

			<block type="ifttt_init"></block>
			<block type="ifttt_send">
				<value name="evento"><shadow type="text"><field name="TEXT">Event name </field></shadow></value>
				<value name="value1"><shadow type="text"><field name="TEXT">Value1 or empty</field></shadow></value>
				<value name="value2"><shadow type="text"><field name="TEXT">Value2 or empty</field></shadow></value>
				<value name="value3"><shadow type="text"><field name="TEXT">Value3 or empty</field></shadow></value>
			</block>		

		

			<block type="Init_NTP"></block>
			<block type="order_read_NTP_server"></block>
			<block type="values_NTP_server"></block>
			<block type="values_text_NTP_server"></block>

			

			<block type="Init_OpenWeather"></block>
			<block type="order_read_OpenWeather_server">
				<value name="city"><shadow type="text"><field name="TEXT">Madrid</field></shadow></value>
				<value name="countrycode"><shadow type="text"><field name="TEXT">ES</field></shadow></value>
			</block>
			<block type="values_OpenWeather_server"></block>
			<block type="values_text_OpenWeather_server"></block>

		
	
			<block type="thingspeak_init"></block>
			<block type="thingspeak_write">
				<value name="variable"><shadow type="math_number"><field name="NUM">1</field></shadow></value>
			</block>
			<block type="thingspeak_write_long"></block>		
			<block type="thingspeak_write_float"></block>

		

			<block type="telegram_init"></block>
			<block type="telegram_loop_message"></block>
			<block type="telegram_reception_function"></block>
			<block type="telegram_sendmessage">
				<value name="texttosend"><shadow type="text"><field name="TEXT">Hello</field></shadow></value>
			</block>
			<block type="telegram_message_received"></block>
			<block type="telegram_message_name_received"></block>
	
		
		
			<block type="esp8266_html"></block>
			<block type="emptytext"></block>
			<block type="esp_dig_pin"><value name="estado"><shadow type="math_number"><field name="NUM">0</field></shadow></value></block>
			<block type="textmod"></block>
			<block type="link"></block>
			<block type="emptyVar"></block>
			<block type="br"></block>
			<block type="header"></block>
			<block type="paragraph"></block>
			<block type="image"></block>
			<block type="table"></block>
			<block type="tablerow"></block>
			<block type="tableheading"></block>
			<block type="tabledata"></block>
			<block type="form"></block>
			<block type="input"></block>
			<block type="label"></block>
			<block type="args"></block>
			<block type="textalign"></block>
			<block type="color"></block>
			<block type="bgcolor"></block>
			<block type="border"></block>


	</category>	
	
	
	
	
	
	
  <category  name="CAT_WS2812B"  colour="#51437A"   > 
  <block type="LedStrip_WS2812B_init">
      <value name="PINR"><shadow type="math_number"><field name="NUM">12</field></shadow></value>
    <value name="PIN"><shadow type="math_number"><field name="NUM">2</field></shadow></value>
    <value name="LEDI"><shadow type="math_number"><field name="NUM">255</field></shadow></value>
    <value name="Pixel_number"><shadow type="math_number"><field name="NUM">1</field></shadow></value>
    </block>
  <block type="LedStrip_WS2812B_initRGB">
      <value name="PINR"><shadow type="math_number"><field name="NUM">12</field></shadow></value>
    <value name="PIN"><shadow type="math_number"><field name="NUM">2</field></shadow></value>
    <value name="LEDI"><shadow type="math_number"><field name="NUM">255</field></shadow></value>
    <value name="Red"><shadow type="math_number"><field name="NUM">255</field></shadow></value>
    <value name="Green"><shadow type="math_number"><field name="NUM">255</field></shadow></value>
    <value name="Blue"><shadow type="math_number"><field name="NUM">255</field></shadow></value>
    <value name="Pixel_number"><shadow type="math_number"><field name="NUM">1</field></shadow></value>
    </block>
 <block type="LedStrip_WS2812B_init_top">
      <value name="PINR"><shadow type="math_number"><field name="NUM">12</field></shadow></value>
    <value name="PIN"><shadow type="math_number"><field name="NUM">2</field></shadow></value>
    <value name="Pixel_number"><shadow type="math_number"><field name="NUM">500</field></shadow></value>
    </block>

  
    <block type="LedStrip_WS2811B_init">
      <value name="PINR"><shadow type="math_number"><field name="NUM">12</field></shadow></value>
    <value name="PIN"><shadow type="math_number"><field name="NUM">2</field></shadow></value>
    <value name="LEDI"><shadow type="math_number"><field name="NUM">255</field></shadow></value>
    <value name="Pixel_number"><shadow type="math_number"><field name="NUM">1</field></shadow></value>
    </block>
	  <block type="LedStrip_WS2811B_initRGB">
      <value name="PINR"><shadow type="math_number"><field name="NUM">12</field></shadow></value>
    <value name="PIN"><shadow type="math_number"><field name="NUM">2</field></shadow></value>
    <value name="LEDI"><shadow type="math_number"><field name="NUM">255</field></shadow></value>
    <value name="Red"><shadow type="math_number"><field name="NUM">255</field></shadow></value>
    <value name="Green"><shadow type="math_number"><field name="NUM">255</field></shadow></value>
    <value name="Blue"><shadow type="math_number"><field name="NUM">255</field></shadow></value>
    <value name="Pixel_number"><shadow type="math_number"><field name="NUM">1</field></shadow></value>
    </block>
	 <block type="LedStrip_WS2811B_init_top">
      <value name="PINR"><shadow type="math_number"><field name="NUM">12</field></shadow></value>
    <value name="PIN"><shadow type="math_number"><field name="NUM">2</field></shadow></value>
    <value name="Pixel_number"><shadow type="math_number"><field name="NUM">500</field></shadow></value>
    </block>
	
	<block type="ledi_ws2812"><value name="pin"><shadow type="math_number"><field name="NUM">4</field></shadow></value></block>
	<block type="ledi_ws2812x2"><value name="pin"><shadow type="math_number"><field name="NUM">4</field></shadow></value><value name="pin1"><shadow type="math_number"><field name="NUM">5</field></shadow></value></block>
	<block type="ledi_ws2812x4"><value name="pin"><shadow type="math_number"><field name="NUM">4</field></shadow></value><value name="pin1"><shadow type="math_number"><field name="NUM">5</field></shadow></value><value name="pin2"><shadow type="math_number"><field name="NUM">6</field></shadow></value><value name="pin3"><shadow type="math_number"><field name="NUM">7</field></shadow></value></block>
	
    </category>
	<category name="CAT_OLED_U8G" colour="#4b779f">
	
	
	<block type="OLED_init"></block>
    <block type="OLED_rotate"></block>
	
    <block type="OLED_data">
      <value name="X"><shadow type="math_number"><field name="NUM">0</field></shadow></value>
      <value name="Y"><shadow type="math_number"><field name="NUM">0</field></shadow></value>
      <value name="print"><shadow type="text"><field name="TEXT">ESP Block</field></shadow></value>
      </block>
	     <block type="OLED_clear"></block> 
	  
 
	   <block type="OLED_data_wifi_kit">
      <value name="xx_block"><shadow type="math_number"><field name="NUM">0</field></shadow></value>
      <value name="yy_block"><shadow type="math_number"><field name="NUM">8</field></shadow></value>
      <value name="text_block"><shadow type="text"><field name="TEXT">WiFi kit 32</field></shadow></value>
      </block>
 
	</category>
	
	
 
<category name="CAT_DISPLAYU_TFT" colour="#8B251E">  <!--tft Дисплей-->  

  <block type="lcd_128x128px_spi">
 <value name="pin1"><shadow type="math_number"><field name="NUM">10</field></shadow></value>
 <value name="pin2"><shadow type="math_number"><field name="NUM">9</field></shadow></value>
 <value name="pin3"><shadow type="math_number"><field name="NUM">8</field></shadow></value> 
 </block>
 
  <block type="lcd_128x128px_spi_text">
  <value name="X_Nokia"><shadow type="math_number"><field name="NUM">0</field></shadow></value>
   <value name="Y_Nokia"><shadow type="math_number"><field name="NUM">0</field></shadow></value>
   <value name="texttoprint"><shadow type="text"> <field name="TEXT">ArduBlock</field> </shadow></value>
 </block> 
 
<block type="lcd_128x128px_spi_pix">
  <value name="X_Nokia"><shadow type="math_number"><field name="NUM">0</field></shadow></value>
   <value name="Y_Nokia"><shadow type="math_number"><field name="NUM">0</field></shadow></value>
 </block> 
 
 <block type="lcd_128x128px_spi_line">
  <value name="X_Nokia"><shadow type="math_number"><field name="NUM">0</field></shadow></value>
   <value name="Y_Nokia"><shadow type="math_number"><field name="NUM">0</field></shadow></value>
     <value name="X_Nokia1"><shadow type="math_number"><field name="NUM">0</field></shadow></value>
   <value name="Y_Nokia1"><shadow type="math_number"><field name="NUM">0</field></shadow></value>
 </block> 
 
     <block type="lcd_128x128px_spi_box">
  <value name="X_Nokia"><shadow type="math_number"><field name="NUM">0</field></shadow></value>
   <value name="Y_Nokia"><shadow type="math_number"><field name="NUM">0</field></shadow></value>
     <value name="X_Nokia2"><shadow type="math_number"><field name="NUM">0</field></shadow></value>
   <value name="Y_Nokia2"><shadow type="math_number"><field name="NUM">0</field></shadow></value>
      <value name="Y_Nokia3"><shadow type="math_number"><field name="NUM">0</field></shadow></value>
 </block> 
 <block type="st7735_backgroundcolor"></block>
  <block type="st7735_icon"></block>
			  <block type="st7735_drawicon">
					<value name="x0"><shadow type="math_number"><field name="NUM">0</field></shadow></value>
					<value name="y0"><shadow type="math_number"><field name="NUM">0</field></shadow></value>
					<value name="width"><shadow type="math_number"><field name="NUM">160</field></shadow></value>
					<value name="height"><shadow type="math_number"><field name="NUM">128</field></shadow></value>
			  </block>
			  
 
</category>  

	<category name="UART_Display" colour="#10760e">
 <block type="soft_init_ttl"> 
 <value name="PIN2"><shadow type="math_number"><field name="NUM">2</field></shadow></value>
   <value name="PIN3"><shadow type="math_number"><field name="NUM">3</field></shadow></value>
 <field name="SPEED">115200</field> </block>
  <block type="soft_write_ttl_uart"> <value name="CONTENT"><shadow type="math_number"><field name="NUM">255</field></shadow></value> </block>
     <block type="soft_write_ttl_uart_g"> <value name="CONTENT"><shadow type="math_number"><field name="NUM">255</field></shadow></value> </block>
 <block type="soft_write_ttl_uart2"> <value name="CONTENT"><shadow type="math_number"><field name="NUM">32129</field></shadow></value> </block>
<block type="soft_write_ttl_uart_led"> <value name="CONTENT"><shadow type="math_number"><field name="NUM">100</field></shadow></value> </block>
<block type="soft_write_ttl_uart_reset"> </block>
    <block type="base_define_ttl_uart_top"></block>
  <block type="base_define_ttl_uart"></block>
  <block type="soft_read_ttl_dis"></block>
  
 
  </category>
  
  	<category name="DWIN_BOX" colour="#00929f">
	
  <block type="dwin_box_ttl"></block>
   <block type="dwin_box_none"></block>
  <block type="dwin_box_data"></block>
    <block type="dwin_box_icon"></block>
	<block type="dwin_box_text"></block>  
 
   <block type="dwin_box_bot1"></block>
 
  <block type="dwin_box_var"><value name="var_block"><shadow type="math_number"><field name="NUM">R</field></shadow></value></block>
  <block type="dwin_box_varsl"><value name="var_block"><shadow type="math_number"><field name="NUM">R</field></shadow></value></block>
    <block type="dwin_box_led"><value name="var_block"><shadow type="math_number"><field name="NUM">64</field></shadow></value></block>
	<block type="dwin_box_zum"><value name="var_block"><shadow type="math_number"><field name="NUM">5</field></shadow></value></block>
  </category>
  
  
  
	<category name="CAT_TFT_ST7735" colour="#8B251E">
			 <block type="st7735_init">
			   	<field name="PIN_CS">D1</field>
				<field name="PIN_DC">D2</field>
				<field name="PIN_RST">D3</field>					
			 </block>
			 <block type="st7735_icon"></block>
			  <block type="st7735_drawicon">
					<value name="x0"><shadow type="math_number"><field name="NUM">0</field></shadow></value>
					<value name="y0"><shadow type="math_number"><field name="NUM">0</field></shadow></value>
					<value name="width"><shadow type="math_number"><field name="NUM">160</field></shadow></value>
					<value name="height"><shadow type="math_number"><field name="NUM">128</field></shadow></value>
			  </block>
			  
			<block type="st7735_backgroundcolor"></block>
			<block type="st7735_rotatedisplay"></block>
			<block type="st7735_invertdisplay"></block>
			  <block type="st7735_setcursor">
			  <value name="x0"><shadow type="math_number"><field name="NUM">0</field></shadow></value>
			 <value name="y0"><shadow type="math_number"><field name="NUM">0</field></shadow></value>
			  </block>
			  <block type="st7735_settextcolor"></block>
			  <block type="st7735_settextsize"></block>
			  <block type="st7735_wraptext"></block>
			  <block type="st7735_printTextln">
			  <value name="text_to_print"><shadow type="text"><field name="TEXT">I am a Robot</field></shadow></value>
			  </block>
			<block type="st7735_drawpixel">
			<value name="x0"><shadow type="math_number"><field name="NUM">0</field></shadow></value>
			<value name="y0"><shadow type="math_number"><field name="NUM">0</field></shadow></value>
			</block>
			<block type="st7735_drawline">
			<value name="x0"><shadow type="math_number"><field name="NUM">0</field></shadow></value>
			<value name="y0"><shadow type="math_number"><field name="NUM">0</field></shadow></value>
			<value name="x1"><shadow type="math_number"><field name="NUM">100</field></shadow></value>
			<value name="y1"><shadow type="math_number"><field name="NUM">100</field></shadow></value>
			  </block>
			<block type="st7735_drawrectangle">
			<value name="x0"><shadow type="math_number"><field name="NUM">0</field></shadow></value>
			<value name="y0"><shadow type="math_number"><field name="NUM">0</field></shadow></value>
			<value name="width"><shadow type="math_number"><field name="NUM">100</field></shadow></value>
			<value name="height"><shadow type="math_number"><field name="NUM">100</field></shadow></value>
			  </block>
			<block type="st7735_drawroundrectangle">
			<value name="x0"><shadow type="math_number"><field name="NUM">0</field></shadow></value>
			<value name="y0"><shadow type="math_number"><field name="NUM">0</field></shadow></value>
			<value name="width"><shadow type="math_number"><field name="NUM">100</field></shadow></value>
			<value name="height"><shadow type="math_number"><field name="NUM">100</field></shadow></value>
			<value name="round"><shadow type="math_number"><field name="NUM">3</field></shadow></value>
			  </block>
			<block type="st7735_drawcircle">
					<value name="x0"><shadow type="math_number"><field name="NUM">0</field></shadow></value>
					<value name="y0"><shadow type="math_number"><field name="NUM">0</field></shadow></value>
					<value name="radius"><shadow type="math_number"><field name="NUM">50</field></shadow></value>
			  </block>
			 <block type="st7735_drawtriangle">
					<value name="x0"><shadow type="math_number"><field name="NUM">0</field></shadow></value>
					<value name="y0"><shadow type="math_number"><field name="NUM">0</field></shadow></value>
					<value name="x1"><shadow type="math_number"><field name="NUM">100</field></shadow></value>
					<value name="y1"><shadow type="math_number"><field name="NUM">10</field></shadow></value>
					<value name="x2"><shadow type="math_number"><field name="NUM">10</field></shadow></value>
					<value name="y2"><shadow type="math_number"><field name="NUM">100</field></shadow></value></block>
			    <block type="st7735_drawicon">
					<value name="x0"><shadow type="math_number"><field name="NUM">0</field></shadow></value>
					<value name="y0"><shadow type="math_number"><field name="NUM">0</field></shadow></value>
					<value name="width"><shadow type="math_number"><field name="NUM">160</field></shadow></value>
					<value name="height"><shadow type="math_number"><field name="NUM">128</field></shadow></value>
			  </block>
			   <block type="st7735_properties"></block>
	</category> 
	
	
	<category name="CAT_LCDI2C" colour="#4B886A">
				<block type="lcdi2c_setup" x="38" y="138"><field name="NAME">0x27</field>
                    <value name="COLUMNS"><shadow type="math_number"><field name="NUM">16</field></shadow></value>
                    <value name="ROWS"><shadow type="math_number"><field name="NUM">2</field></shadow></value>
                </block>
				<block type="lcdi2c_setBacklight"></block>
				
 
                <block type="lcdi2c_setcursor" x="38" y="113">
                    <value name="column"><shadow type="math_number"><field name="NUM">0</field></shadow></value>
                    <value name="row"><shadow type="math_number"><field name="NUM">0</field></shadow></value>
					<value name="texttoprint"><shadow type="text"><field name="TEXT">ESP Block</field></shadow></value>
                </block>
			
				<block type="lcdi2c_clear"></block>
 
<block type="lcdi2c_setcursor_draw_pl">
	  <value name="print_x"> <shadow type="math_number"> <field name="NUM">0</field>  </shadow> </value>
      <value name="print_y"> <shadow type="math_number"> <field name="NUM">0</field> </shadow>  </value>
	  </block>	
<block type="lcdi2c_setcursor_draw"></block>
	

	
	</category> 
 

 <category  name="CAT_LEONARDO"  colour="#71437A"   > 
 

 <block type="leonardo1"> 
  <value name="Sensor1"> <shadow type="math_number"> <field name="NUM">0</field> </shadow> </value>
  <value name="Sensor2"> <shadow type="math_number"> <field name="NUM">0</field> </shadow> </value>
    </block>
      <block type="leonardo2"></block>
    <block type="leonardo3"></block>
    <block type="leonardo4"></block>
    <block type="leonardo5"></block>
    <block type="leonardo6"></block>
    <block type="leonardo7"></block>

  <block type="leonardo9"></block>
  <block type="leonardo10"></block>
  <block type="leonardo11"></block>
    <block type="leonardo8"></block>
  </category>
  

   <category name="CAT_FUNCTIONS" custom="PROCEDURE" colour="#995BA5"> </category>
 
   <category name="CAT_ARDUINO" colour="#A5995B">
 
    
    <block type="base_define"></block> 
 
    <block type="arduino_setup"></block>
 
    <block type="base_code"></block>

    <block type="base_code_entree"></block>
 
    <block type="base_code_i2s"></block>
   
    
  <block type="arduino_b_code" collapsed="true"></block>
  <block type="arduino_a_code" collapsed="true"></block>
		
  </category>

  <category name="CAT_ARDUINO_TIME" colour="#5B99A5">    
    <block type="base_delay">  <value name="DELAY_TIME"><shadow type="math_number">  <field name="NUM">1000</field>  </shadow></value>    <field name="unite">m</field>  </block>  
    
   <block type="tempo_sans_delay">
    <value name="DELAY_TIME"><shadow type="math_number">  <field name="NUM">1</field></shadow></value></block>-->
  
  </category>
  <category name="CAT_LOGIC" colour="#5B80A5">
    <block type="controls_if"></block>
	
 
    <block type="logic_compare_log">
    <value name="A"><shadow type="math_number"><field name="NUM">R</field></shadow></value>
    <value name="B"><shadow type="math_number"><field name="NUM">10</field></shadow></value>
    </block>
    
     <block type="logic_operation">
     <value name="A"><shadow type="math_number"><field name="NUM">X</field></shadow></value>
     <value name="B"><shadow type="math_number"><field name="NUM">Y</field></shadow></value>
     </block>
    
 
  <block type="logic_negate"></block>
	<block type="logic_van"></block>
   
  </category>
  <category name="CAT_MATH" colour="#5B67A5">
        <block type="math_number"></block>
    <block type="inout_angle_maths"></block>
       
  
       
     <block type="math_arithmetic">
    <value name="A"><shadow type="math_number"><field name="NUM">R</field></shadow></value>
    <value name="B"><shadow type="math_number"><field name="NUM">1</field></shadow></value>
     </block>
 
    <block type="math_random_int">
      <value name="FROM"><shadow type="math_number"><field name="NUM">0</field></shadow></value>
      <value name="TO"><shadow type="math_number"><field name="NUM">100</field></shadow></value>
    </block>
		<block type="math_random_int_g">
      <value name="FROM"><shadow type="math_number"><field name="NUM">0</field></shadow></value>
      <value name="TO"><shadow type="math_number"><field name="NUM">100</field></shadow></value>
    </block>
	

  <block type="math_random_int_map"> 
    <value name="Mi1"><shadow type="math_number"><field name="NUM">R</field></shadow></value>
    <value name="Mi2"><shadow type="math_number"><field name="NUM">0</field></shadow></value>
    <value name="Mi3"><shadow type="math_number"><field name="NUM">1023</field></shadow></value>
    <value name="Mi4"><shadow type="math_number"><field name="NUM">0</field></shadow></value>
    <value name="Mi5"><shadow type="math_number"><field name="NUM">255</field></shadow></value>
  </block>
  <block type="math_single_int"><value name="PIN"><shadow type="math_number"><field name="NUM">R</field></shadow></value></block>
 <block type="math_single_int_pi"><value name="PIN"><shadow type="math_number"><field name="NUM">R</field></shadow></value></block>
 
  <block type="math_single_int_pi1"><value name="PIN"><shadow type="math_number"><field name="NUM">X</field></shadow></value><value name="PIN1"><shadow type="math_number"><field name="NUM">Y</field></shadow></value></block>
   <block type="math_single_int_pi2"><value name="PIN"><shadow type="math_number"><field name="NUM">X</field></shadow></value><value name="PIN1"><shadow type="math_number"><field name="NUM">Y</field></shadow></value></block>
    <block type="math_single_int_pi3"><value name="PIN"><shadow type="math_number"><field name="NUM">R</field></shadow></value><value name="PIN1"><shadow type="math_number"><field name="NUM">10</field></shadow></value><value name="PIN2"><shadow type="math_number"><field name="NUM">20</field></shadow></value></block>
	
  <block type="math_single"></block>
   <block type="math_single_pi"></block>
  
   
    </category>

  <category name="CAT_TEXT" colour="#5BA58C">
    <block type="text"> <field name="TEXT">ArduBlock</field>   </block>
    <block type="text_char"> <field name="TEXT">ArduBlock</field>   </block>
    <block type="text_join"></block>
	  <block type="math_single_int_text"><value name="PIN"><shadow type="math_number"><field name="NUM">R</field></shadow></value></block>
      <block type="text_length"></block>
        <block type="text_isEmpty"><value name="PIN"><shadow type="math_number"><field name="NUM">R</field></shadow></value> </block>

 </category>
 
 
  <category name="CAT_VARIABLESN" custom="VARIABLE" colour="#A55B80">    </category>
   <category name="CAT_TAB" colour="#A55B80">
    <block type="creer_tableau">  </block>
   
    <block type="fixer_tableau">
    <value name="value"><shadow type="math_number"><field name="NUM">0</field></shadow></value>
    </block>
    <block type="array_getIndex"></block>
	
	<block type="array_create_with"></block> 
    <block type="array_getsize"></block> 
	<block type="base_code_entree_var"></block>
	<block type="base_code_entree_var1"></block>
    </category> 
 
 
   <category name="CAT_ARDUINO_IN" colour="#A5675B">
    
    <block type="digital_read">    <value name="PIN"><shadow type="math_number"><field name="NUM">2</field></shadow></value>       </block>
  <block type="inout_analog_read_esp"> <value name="PIN"><shadow type="math_number"><field name="NUM">4</field></shadow></value> </block> 
   <block type="inout_digital_write">    <value name="PIN"><shadow type="math_number"><field name="NUM">13</field></shadow></value>      <value name="STAT"><shadow type="math_number"><field name="NUM">1</field></shadow></value>   </block>
  <block type="inout_analog_write3">    
	<value name="PIN"><shadow type="math_number"><field name="NUM">3</field></shadow></value>
	<value name="PIN1"><shadow type="math_number"><field name="NUM">0</field></shadow></value>
	<value name="PIN2"><shadow type="math_number"><field name="NUM">5000</field></shadow></value>
	<value name="PIN3"><shadow type="math_number"><field name="NUM">8</field></shadow></value>			
	<value name="STAT"><shadow type="math_number"><field name="NUM">255</field></shadow></value>
	</block>
 
	 
 
 <block type="touch_block"></block>
  <block type="touch_if_block"></block>
 
 
 
  </category>
  
  <category name="CAT_ARDUINO_COMM_SERIAL" colour="#5BA599">
      <block type="serial_init8866"> <field name="SPEED">9600</field> </block>  
      <block type="serial_write_ln">  <value name="CONTENT">  <shadow type="text">  <field name="TEXT">ArduBlock</field>  </shadow></value>  </block>
 
      <block type="serial_read2"></block>
      <block type="serial_available2"></block> 
  
      <block type="soft_init2"><value name="PIN1"><shadow type="math_number"><field name="NUM">2</field></shadow></value><value name="PIN2"><shadow type="math_number"><field name="NUM">3</field></shadow></value> <field name="SPEED">9600</field> </block>
      <block type="soft_write2"> <value name="CONTENT"><shadow type="math_number"><field name="NUM">123</field></shadow></value> </block>
      <block type="soft_read2"></block>
      <block type="soft_available2"></block> 
 
    <block type="bluetooth_soft_init"><value name="PIN1"><shadow type="math_number"><field name="NUM">2</field></shadow></value><value name="PIN2"><shadow type="math_number"><field name="NUM">3</field></shadow></value> <field name="SPEED">9600</field> </block>
       <block type="bluetooth_soft_write_esp"> <value name="CONTENT">  <shadow type="text">  <field name="TEXT">Name bluetooth</field>  </shadow></value></block>
      
	  <block type="bluetooth_soft_write"> <value name="CONTENT"><shadow type="math_number"><field name="NUM">123</field></shadow></value> </block>
      <block type="bluetooth_soft_read"></block>
      <block type="bluetooth_soft_available"></block> 
	  
	    <block type="bluetooth_soft_serial_read"></block>
		
			  <block type="hardware_monitor_serial_init"></block> 
	  <block type="hardware_monitor_serial_read"></block>
	  
	  
    </category>
    
  <category name="CAT_MODEMX" colour="#5B7AA5">  <!--Модули связи-->
 
      <block type="catr433_sendvar">   <value name="PIN"><shadow type="math_number"><field name="NUM">2</field></shadow></value>  <value name="variable"><shadow type="math_number"><field name="NUM">70</field></shadow></value></block>
      <block type="catr433_recvvar">   <value name="PIN"><shadow type="math_number"><field name="NUM">3</field></shadow></value> <value name="variable"><shadow type="math_number"><field name="NUM">R</field></shadow></value></block>
    
    <block type="nrf24l01_init">  <value name="PIN_CE"><shadow type="math_number"><field name="NUM">9</field></shadow></value> <value name="PIN_CS"><shadow type="math_number"><field name="NUM">10</field></shadow></value>  </block> 
    <block type="nrf24l01_sendvar"> <value name="variable"><shadow type="text"><field name="TEXT">R</field></shadow></value>  </block>
    <block type="nrf24l01_recvvar"> <value name="variable"><shadow type="text"><field name="TEXT">R</field></shadow></value>  </block>
 
  
  </category>
  
  <category name="CAT_BITEPROM" colour="#74A55B">  <!--Место хранения-->
    <block type="eeprom_write_byteesp">  <value name="adr">    <shadow type="math_number">   <field name="NUM">0</field>   </shadow>   </value>   <value name="val"> <shadow type="math_number"> <field name="NUM">255</field>  </shadow>  </value>  </block>  
        <block type="eeprom_read_byteesp"> <value name="ADDRESS">   <shadow type="math_number">   <field name="NUM">0</field>  </shadow>  </value> </block>

 
	 
	 </category>
  
  <category name="CAT_MOTORI" colour="#8CA55B">  <!--Моторы-->
 
	<block type="stepservo_continuos_move_ru">   
    <value name="PIN"> <shadow type="math_number"><field name="NUM">4</field></shadow> </value>
    <value name="SpeedServo"> <shadow type="math_number"> <field name="NUM">180</field> </shadow> </value> 
    </block> 
	
	<block type="stepservo_continuos_move_ru32n"> 
    <value name="PIN"> <shadow type="math_number"><field name="NUM">4</field></shadow> </value>
    <value name="SpeedServo"> <shadow type="math_number"> <field name="NUM">180</field> </shadow> </value> 
    </block>
	
    <block type="stepservo_continuos_move_ru32"> 
    <value name="PIN"> <shadow type="math_number"><field name="NUM">4</field></shadow> </value>
    <value name="PIN_GR"> <shadow type="math_number"><field name="NUM">255</field></shadow> </value>
    <value name="SpeedServo"> <shadow type="math_number"> <field name="NUM">180</field> </shadow> </value> 
    </block>
	
 	<block type="motor_step_dir" >
	<value name="PIN_STEEPER1"> <shadow type="math_number"><field name="NUM">2</field></shadow> </value>
    <value name="PIN_STEEPER2"> <shadow type="math_number"><field name="NUM">3</field></shadow> </value>
    <value name="STEPPER_STEP_h"> <shadow type="math_number"><field name="NUM">100</field></shadow> </value>
    <value name="STEPPER_STEP_j"> <shadow type="math_number"><field name="NUM">1000</field></shadow> </value>     
    </block> 
	
  </category>
  
  <category name="CAT_SENSOROUTP" colour="#5662A0">  <!--Сенсоры входа-->
   <block type="ultrasonic_ranger_sensor">  <value name="PIN_TRIG"><shadow type="math_number"><field name="NUM">11</field></shadow></value>   <value name="PIN_ECHO"><shadow type="math_number"><field name="NUM">12</field></shadow></value> </block>
  <block type="dht_sensor11"><value name="PIN_DHT"><shadow type="math_number"><field name="NUM">4</field></shadow></value></block> 
   <block type="Init_Temp_ds18b20"><value name="PIN"><shadow type="math_number"><field name="NUM">4</field></shadow></value><value name="PINR"><shadow type="math_number"><field name="NUM">R</field></shadow></value></block>
 
	<block type="hall_read"></block>
    </category>  
    
  <category name="CAT_SENSORINPT" colour="#222E6C">  <!--Сенсоры выхода-->
    <block type="inout_digital_writeD">    <value name="PIN"><shadow type="math_number"><field name="NUM">13</field></shadow></value>      <value name="STAT"><shadow type="math_number"><field name="NUM">1</field></shadow></value>   </block>
    <block type="inout_analog_writeD">    <value name="NUM"><shadow type="math_number"><field name="NUM">255</field></shadow></value>       </block>
    
  
  <block type="actuator_rgbled595">
    <value name="PINRed"><shadow type="math_number"><field name="NUM">10</field></shadow></value>
      <value name="PINGreen"><shadow type="math_number"><field name="NUM">9</field></shadow></value>
      <value name="PINBlue"><shadow type="math_number"><field name="NUM">8</field></shadow></value>
    <value name="NUM">  <shadow type="math_number">  <field name="NUM">1</field> </shadow>   </value>
    </block>
  <block type="LedStrip_WS2812B_init">
      <value name="PINR"><shadow type="math_number"><field name="NUM">12</field></shadow></value>
    <value name="PIN"><shadow type="math_number"><field name="NUM">2</field></shadow></value>
    <value name="LEDI"><shadow type="math_number"><field name="NUM">255</field></shadow></value>
    <value name="Pixel_number"><shadow type="math_number"><field name="NUM">1</field></shadow></value>
    </block>
  <block type="LedStrip_WS2812B_initRGB">
      <value name="PINR"><shadow type="math_number"><field name="NUM">12</field></shadow></value>
    <value name="PIN"><shadow type="math_number"><field name="NUM">2</field></shadow></value>
    <value name="LEDI"><shadow type="math_number"><field name="NUM">255</field></shadow></value>
    <value name="Red"><shadow type="math_number"><field name="NUM">255</field></shadow></value>
    <value name="Green"><shadow type="math_number"><field name="NUM">255</field></shadow></value>
    <value name="Blue"><shadow type="math_number"><field name="NUM">255</field></shadow></value>
    <value name="Pixel_number"><shadow type="math_number"><field name="NUM">1</field></shadow></value>
    </block>
 <block type="LedStrip_WS2812B_init_top">
      <value name="PINR"><shadow type="math_number"><field name="NUM">12</field></shadow></value>
    <value name="PIN"><shadow type="math_number"><field name="NUM">2</field></shadow></value>
    <value name="Pixel_number"><shadow type="math_number"><field name="NUM">500</field></shadow></value>
    </block>
	
	<block type="lcdi2c_setcursor_draw_led"></block>
	
    </category>    
  
  <category name="CAT_SENSORDRUGIE" colour="#826EA6">  <!--Другие сенсоры-->


  <block type="Init_Keypad4x4">
    <value name="PIN_C1"><shadow type="math_number"> <field name="NUM">2</field></shadow></value>
    <value name="PIN_C2"><shadow type="math_number"> <field name="NUM">3</field></shadow></value>
    <value name="PIN_C3"><shadow type="math_number"> <field name="NUM">4</field></shadow></value>
    <value name="PIN_C4"><shadow type="math_number"> <field name="NUM">5</field></shadow></value>
    <value name="PIN_R1"><shadow type="math_number"> <field name="NUM">6</field></shadow></value>
    <value name="PIN_R2"><shadow type="math_number"> <field name="NUM">7</field></shadow></value>
    <value name="PIN_R3"><shadow type="math_number"> <field name="NUM">8</field></shadow></value>
    <value name="PIN_R4"><shadow type="math_number"> <field name="NUM">9</field></shadow></value>
    <value name="PIN_RKOD"><shadow type="math_number"> <field name="NUM">R</field></shadow></value>
   </block>
    <block type="Initread_fingerprinting"> </block>
    <block type="Initread_fingerprintingD"> <value name="PIN_RKOD"><shadow type="math_number"> <field name="NUM">R</field></shadow></value> </block>
    <block type="tensorsensor1"> <value name="PIN_RKOD"><shadow type="math_number"> <field name="NUM">R</field></shadow></value> </block>
  </category>      
    
   
    
  <category name="CAT_INDIKATORI" colour="#D07100">  <!--индикаторы-->
   
	  <block type="Init_MAX7219_ledmatrix4x">
    <value name="PIN_DAT"><shadow type="math_number"><field name="NUM">1</field></shadow></value>
    <value name="PIN_CS"><shadow type="math_number"><field name="NUM">4</field></shadow></value>
    <value name="PIN_CLK"><shadow type="math_number"><field name="NUM">10</field></shadow></value>
       </block>
   <block type="Init_MAX7219_ledmatrix4x_text">
  <value name="Y_Nokia"><shadow type="math_number"><field name="NUM">30</field></shadow></value>
   <value name="texttoprint"><shadow type="text"> <field name="TEXT">ArduBlock</field> </shadow></value>
 </block>  
 
 
  </category>  
  
  <category name="CAT_DISPLAYU" colour="#4B886A">  <!--LCD Дисплей-->
    <block type="lcdm_setup">
      <value name="PIN_RS"><shadow type="math_number"><field name="NUM">8</field></shadow></value>
      <value name="PIN_E"><shadow type="math_number"><field name="NUM">9</field></shadow></value>
      <value name="PIN_DB4"><shadow type="math_number"><field name="NUM">10</field></shadow></value>
      <value name="PIN_DB5"><shadow type="math_number"><field name="NUM">11</field></shadow></value>
      <value name="PIN_DB6"><shadow type="math_number"><field name="NUM">12</field></shadow></value>
      <value name="PIN_DB7"><shadow type="math_number"><field name="NUM">13</field></shadow></value>
      <value name="COLUMNS"><shadow type="math_number"><field name="NUM">16</field></shadow></value>
      <value name="ROWS"><shadow type="math_number"><field name="NUM">2</field></shadow></value>
    </block>
    <block type="lcdm_setcursor">
      <value name="column"> <shadow type="math_number"> <field name="NUM">0</field>  </shadow> </value>
      <value name="row"> <shadow type="math_number"> <field name="NUM">0</field> </shadow>  </value>
      <value name="texttoprint"><shadow type="text"> <field name="TEXT">ArduBlock</field> </shadow></value>  
        </block>
	<block type="lcd_setcursor_draw_pl">
	  <value name="print_x"> <shadow type="math_number"> <field name="NUM">0</field>  </shadow> </value>
      <value name="print_y"> <shadow type="math_number"> <field name="NUM">0</field> </shadow>  </value>
	  </block>
	  
    <block type="lcdi2c_setuprus">
      <value name="COLUMNS"><shadow type="math_number"><field name="NUM">16</field></shadow></value>
      <value name="ROWS"><shadow type="math_number"><field name="NUM">2</field></shadow></value>
    </block>
    <block type="lcdi2c_setcursor">
      <value name="column"> <shadow type="math_number"> <field name="NUM">0</field>  </shadow> </value>
      <value name="row"> <shadow type="math_number"> <field name="NUM">0</field> </shadow>  </value>
      <value name="texttoprint"><shadow type="text"> <field name="TEXT">ArduBlock</field> </shadow></value>  
        </block>  
	<block type="lcdi2c_setcursor_draw_pl">
	  <value name="print_x"> <shadow type="math_number"> <field name="NUM">0</field>  </shadow> </value>
      <value name="print_y"> <shadow type="math_number"> <field name="NUM">0</field> </shadow>  </value>
	  </block>	
	<block type="lcdi2c_setcursor_draw"></block>
    
	
	
<block type="lcd_con_nokia">
 <value name="SCK_N"><shadow type="math_number"><field name="NUM">8</field></shadow></value>
 <value name="MOSI_N"><shadow type="math_number"><field name="NUM">9</field></shadow></value>
 <value name="DC_N"><shadow type="math_number"><field name="NUM">10</field></shadow></value>
 <value name="RST_N"><shadow type="math_number"><field name="NUM">11</field></shadow></value>
 <value name="CS_N"><shadow type="math_number"><field name="NUM">12</field></shadow></value>
 </block>
 
 <block type="lcd_con_nokia_text">
  <value name="X_Nokia"><shadow type="math_number"><field name="NUM">0</field></shadow></value>
   <value name="Y_Nokia"><shadow type="math_number"><field name="NUM">0</field></shadow></value>
   <value name="texttoprint"><shadow type="text"> <field name="TEXT">ArduBlock</field> </shadow></value>
 </block> 
 
  <block type="lcd_con_nokia_number">
   <value name="X_Nokia"><shadow type="math_number"><field name="NUM">0</field></shadow></value>
   <value name="Y_Nokia"><shadow type="math_number"><field name="NUM">0</field></shadow></value>
   <value name="Nokia_number"><shadow type="math_number"><field name="NUM">123</field></shadow></value>
 </block>
 
 
</category> 
 
  <category name="CAT_DISPLAYU_LCDP" colour="#123747">  <!--lsd Дисплей p--> 
  
  
 <block type="lcd_128x64px_spi">
 <value name="pin1"><shadow type="math_number"><field name="NUM">10</field></shadow></value>
 <value name="pin2"><shadow type="math_number"><field name="NUM">11</field></shadow></value>
 <value name="pin3"><shadow type="math_number"><field name="NUM">12</field></shadow></value> 
 </block>
 
  <block type="lcd_128x64px_spi_mini">
 <value name="pin1"><shadow type="math_number"><field name="NUM">8</field></shadow></value>
 <value name="pin2"><shadow type="math_number"><field name="NUM">9</field></shadow></value>
 <value name="pin3"><shadow type="math_number"><field name="NUM">10</field></shadow></value> 
 <value name="pin4"><shadow type="math_number"><field name="NUM">11</field></shadow></value> 
 <value name="pin5"><shadow type="math_number"><field name="NUM">12</field></shadow></value> 
 </block>
 
   <block type="lcd_128x64px_spi_top"></block>
 
 <block type="lcd_128x64px_spi_b"></block>
 
  <block type="lcd_128x64px_spi_text">
  <value name="X_Nokia"><shadow type="math_number"><field name="NUM">0</field></shadow></value>
   <value name="Y_Nokia"><shadow type="math_number"><field name="NUM">0</field></shadow></value>
   <value name="texttoprint"><shadow type="text"> <field name="TEXT">ArduBlock</field> </shadow></value>
 </block> 
   <block type="lcd_128x64px_spi_pix">
  <value name="X_Nokia"><shadow type="math_number"><field name="NUM">0</field></shadow></value>
   <value name="Y_Nokia"><shadow type="math_number"><field name="NUM">0</field></shadow></value>
 </block> 
   <block type="lcd_128x64px_spi_line">
  <value name="X_Nokia"><shadow type="math_number"><field name="NUM">0</field></shadow></value>
   <value name="Y_Nokia"><shadow type="math_number"><field name="NUM">0</field></shadow></value>
     <value name="X_Nokia2"><shadow type="math_number"><field name="NUM">0</field></shadow></value>
   <value name="Y_Nokia2"><shadow type="math_number"><field name="NUM">0</field></shadow></value>
 </block> 
 
    <block type="lcd_128x64px_spi_box">
  <value name="X_Nokia"><shadow type="math_number"><field name="NUM">0</field></shadow></value>
   <value name="Y_Nokia"><shadow type="math_number"><field name="NUM">0</field></shadow></value>
     <value name="X_Nokia2"><shadow type="math_number"><field name="NUM">0</field></shadow></value>
   <value name="Y_Nokia2"><shadow type="math_number"><field name="NUM">0</field></shadow></value>
      <value name="Y_Nokia3"><shadow type="math_number"><field name="NUM">0</field></shadow></value>
 </block> 
 
     <block type="lcd_128x64px_spi_draw_pl">
	  <value name="print_x"> <shadow type="math_number"> <field name="NUM">0</field>  </shadow> </value>
      <value name="print_y"> <shadow type="math_number"> <field name="NUM">0</field> </shadow>  </value>
	  </block>
	<block type="lcd_128x64px_spi_draw"></block>
  </category>
  
 <category name="CAT_DISPLAYU_OLED" colour="#333777">  <!--oled Дисплей-->   
   
    <block type="minilcdi2c_setup"> </block>  
    <block type="minilcdi2c_setcursor"> 
      <value name="print_x"> <shadow type="math_number"> <field name="NUM">0</field>  </shadow> </value>
      <value name="print_y"> <shadow type="math_number"> <field name="NUM">0</field> </shadow>  </value>
      <value name="texttoprint"><shadow type="text"> <field name="TEXT">ArduBlock</field> </shadow></value>  
    </block>
    <block type="minilcdi2c_setcursorR"> 
      <value name="print_x"> <shadow type="math_number"> <field name="NUM">0</field>  </shadow> </value>
      <value name="print_y"> <shadow type="math_number"> <field name="NUM">0</field> </shadow>  </value>
      <value name="print_R"><shadow type="math_number"> <field name="NUM">123</field> </shadow>  </value>  
    </block>
	
    <block type="minilcdi2c_setcursor_draw_pl">
	  <value name="print_x"> <shadow type="math_number"> <field name="NUM">0</field>  </shadow> </value>
      <value name="print_y"> <shadow type="math_number"> <field name="NUM">0</field> </shadow>  </value>
	  </block>
	<block type="minilcdi2c_setcursor_draw"></block>
	
 </category> 

 
  
    
  <category name="CAT_DISPLAYU_TTL" colour="#10760e">  <!--UART Дисплей-->    
  <block type="soft_init_ttl"> <field name="PIN1">2</field> <field name="PIN2">3</field> <field name="SPEED">115200</field> </block>
  <block type="soft_write_ttl_uart"> <value name="CONTENT"><shadow type="math_number"><field name="NUM">255</field></shadow></value> </block>
<block type="soft_write_ttl_uart2"> <value name="CONTENT"><shadow type="math_number"><field name="NUM">32129</field></shadow></value> </block>
<block type="soft_write_ttl_uart_led"> <value name="CONTENT"><shadow type="math_number"><field name="NUM">100</field></shadow></value> </block>
<block type="soft_write_ttl_uart_reset"> </block>
   <block type="base_define_ttl_uart_top"></block>
  <block type="base_define_ttl_uart"></block>
  <block type="soft_read_ttl_dis"></block>
  </category>   
 
  <category name="CAT_DISPLAYU_TVVGA" colour="#a7a217">  <!--TV VGA -->    
    <block type="lcd_128x128px_spi_tv"> </block>

  <block type="lcd_128x128px_spi_text_tv">
  <value name="texttoprint"><shadow type="text"> <field name="TEXT">ArduBlock</field> </shadow></value>
  <value name="X_Nokia"><shadow type="math_number"><field name="NUM">0</field></shadow></value>
   <value name="Y_Nokia"><shadow type="math_number"><field name="NUM">0</field></shadow></value> 
 </block> 
   <block type="lcd_128x128px_spi_text_tv_delay">
   <value name="Y_Nokia"><shadow type="math_number"><field name="NUM">1000</field></shadow></value> 
 </block> 
 
 <block type="lcd_128x128px_spi_line_tv">
  <value name="X_Nokia"><shadow type="math_number"><field name="NUM">0</field></shadow></value>
   <value name="Y_Nokia"><shadow type="math_number"><field name="NUM">0</field></shadow></value>
     <value name="X_Nokia1"><shadow type="math_number"><field name="NUM">0</field></shadow></value>
   <value name="Y_Nokia1"><shadow type="math_number"><field name="NUM">0</field></shadow></value>
 </block>  
 
  <block type="lcd_128x128px_spi_line_tv_box">
  <value name="X_Nokia"><shadow type="math_number"><field name="NUM">0</field></shadow></value>
   <value name="Y_Nokia"><shadow type="math_number"><field name="NUM">0</field></shadow></value>
     <value name="X_Nokia1"><shadow type="math_number"><field name="NUM">0</field></shadow></value>
   <value name="Y_Nokia1"><shadow type="math_number"><field name="NUM">0</field></shadow></value>
 </block>
 
  <block type="lcd_128x128px_spi_line_tv_none"> </block> 
 
 <block type="lcd_128x128px_spi_tv_vga"> </block>
   <block type="lcd_128x128px_spi_text_tv_vga">
  <value name="texttoprint"><shadow type="text"> <field name="TEXT">ArduBlock</field> </shadow></value>
  <value name="X_Nokia"><shadow type="math_number"><field name="NUM">0</field></shadow></value>
   <value name="Y_Nokia"><shadow type="math_number"><field name="NUM">0</field></shadow></value> 
 </block>
  <block type="lcd_128x128px_spi_text_tv_vga1">  </block>
  <block type="lcd_128x128px_spi_text_tv_vga2">  <value name="X_Nokia"><shadow type="math_number"><field name="NUM">1000</field></shadow></value> </block>
 
 
  </category> 
  
   <category name="CYCLESAR" colour="#308189">  <!--Циклы -->    
   <block type="base_define_for"> <value name="variable"><shadow type="math_number"><field name="NUM">10</field></shadow></value> </block>
       <block type="base_define_for_in"> 
	  <value name="variable1"><shadow type="math_number"><field name="NUM">X</field></shadow></value> 
	  <value name="variable2"><shadow type="math_number"><field name="NUM">1</field></shadow></value>
	  <value name="variable3"><shadow type="math_number"><field name="NUM">10</field></shadow></value>
	  <value name="variable4"><shadow type="math_number"><field name="NUM">1</field></shadow></value>
	  </block>
	        <block type="base_define_for_ino"> 
	  <value name="variable1"><shadow type="math_number"><field name="NUM">X</field></shadow></value> 
	  <value name="variable2"><shadow type="math_number"><field name="NUM">10</field></shadow></value>
	  <value name="variable3"><shadow type="math_number"><field name="NUM">1</field></shadow></value>
	  <value name="variable4"><shadow type="math_number"><field name="NUM">1</field></shadow></value>
	  </block>
  <block type="base_form_none"></block>
		<block type="base_define_while"> 
   	  <value name="variable1"><shadow type="math_number"><field name="NUM">X</field></shadow></value> 
	  <value name="variable2"><shadow type="math_number"><field name="NUM">1</field></shadow></value>
	  </block>  
	  		<block type="base_define_while_do"> 
   	  <value name="variable1"><shadow type="math_number"><field name="NUM">X</field></shadow></value> 
	  <value name="variable2"><shadow type="math_number"><field name="NUM">1</field></shadow></value>
	  </block>  
  <block type="base_form_none2"></block>
       <block type="base_form_RR" ><value name="texttoprint"><shadow type="math_number"><field name="NUM">R</field></shadow></value></block> 
  <block type="base_form_none3"></block> 
  </category> 
   
   <category name="ESPWEB" colour="#0e63a0">  <!--Esp   -->    
   
    <block type="web_esp_conect"></block>
	<block type="web_esp_conect_wifi"></block>
	<block type="web_esp_conect_text"></block>
	<block type="web_esp_conect_b"></block>
 
  	
			
 <block type="telegram_con_ESP32"></block>
 <block type="telegram_otvet"></block>
 <block type="telegram_rty"></block>
<block type="telegram_otvet2">
<value name="text_otvet"><shadow type="text"> <field name="TEXT">ESP Block</field> </shadow></value>
</block>


  <block type="telegram_rtyid"></block>
   <block type="telegram_otpravit">
 <value name="text_soob"><shadow type="text"> <field name="TEXT">ESP Block</field> </shadow></value>
 <value name="chat_id"><shadow type="text"> <field name="TEXT">1997349678</field> </shadow></value>
 </block>
 
 <block type="telegram_otpravitii"></block> 

  
 
	
  </category>  
  
 
  
 
</toolbox>